accuracy,precision,recall,f1,macro_f1
0.9683333333333334,0.967284612780553,0.9695034488539098,0.9683857051090117,0.9683255517285001
