accuracy,precision,recall,f1,macro_f1
0.9931944444444444,0.9924661997182994,0.9938863066232324,0.9931699937978108,0.9931922915113794
