accuracy,precision,recall,f1,macro_f1
0.9980555555555556,0.9991650773468954,0.9969414522285728,0.9980482602149696,0.9980554017712004
