accuracy,precision,recall,f1,macro_f1
0.6730038022813688,0.14511041009463724,0.3865546218487395,0.21100917431192662,0.5023870811607595
