accuracy,precision,recall,f1,macro_f1
0.4714828897338403,0.1264957264957265,0.6218487394957983,0.21022727272727273,0.4065422077922078
