eval_loss,eval_accuracy,eval_precision,eval_recall,eval_f1,eval_macro_f1,eval_runtime,eval_samples_per_second,eval_steps_per_second,epoch
0.04739566519856453,0.9909722222222223,0.9930458970792768,0.9889196675900277,0.9909784871616932,0.9909722178685464,41.7832,34.464,4.308,3.0
0.062391046434640884,0.9895833333333334,0.9843971631205674,0.994269340974212,0.9893086243763364,0.9895764516600707,42.2791,34.059,4.257,3.0
0.0290438923984766,0.9944444444444445,0.994579945799458,0.994579945799458,0.994579945799458,0.9944409700507262,41.8238,34.43,4.304,3.0
0.02036081813275814,0.9958333333333333,0.9944979367262724,0.9972413793103448,0.9958677685950413,0.9958330439613863,41.4761,34.719,4.34,3.0
0.026386937126517296,0.9951388888888889,0.9958100558659218,0.9944211994421199,0.9951151430565248,0.9951387740161683,41.9788,34.303,4.288,3.0
